{
  "routes": {
    "0": [
      42,
      43,
      44,
      45,
      4,
      16,
      17,
      7,
      8,
      25
    ],
    "1": [
      9,
      1,
      13,
      14,
      3,
      5,
      6,
      33
    ],
    "2": [
      18,
      28,
      29,
      15,
      22,
      23,
      24
    ],
    "3": [
      26,
      27,
      10,
      19,
      20,
      30,
      31,
      32
    ],
    "4": [
      34,
      35,
      36,
      37,
      38,
      39,
      40,
      41
    ],
    "5": [
      0,
      11,
      12,
      2,
      21,
      46,
      47,
      48,
      49
    ]
  },
  "unassigned": [],
  "schedule": {
    "0:42": [
      747.9789412032561,
      788.137193373003
    ],
    "0:43": [
      1607.2904802308833,
      1822.4624102429357
    ],
    "0:44": [
      2142.193872371557,
      2340.3320306902338
    ],
    "0:45": [
      2703.521537486256,
      2983.9291285358177
    ],
    "0:4": [
      3847.6241759977393,
      3986.2438805670795
    ],
    "0:16": [
      4551.536481478656,
      4815.057385113393
    ],
    "0:17": [
      5663.567696079597,
      5777.838217977161
    ],
    "0:7": [
      6417.103075163452,
      6747.923746157113
    ],
    "0:8": [
      7358.106071573256,
      7622.128990527633
    ],
    "0:25": [
      9133.665923697745,
      9182.499362228955
    ],
    "1:9": [
      579.0687237960186,
      653.0808044895298
    ],
    "1:1": [
      1411.1511398955213,
      1670.1644488129145
    ],
    "1:13": [
      2370.671910908506,
      2422.8571732684354
    ],
    "1:14": [
      2765.957596279928,
      2961.488078119837
    ],
    "1:3": [
      3264.6309740293177,
      3537.200986426396
    ],
    "1:5": [
      4413.621920453816,
      4659.6742325653295
    ],
    "1:6": [
      5214.509262238728,
      5564.445201634229
    ],
    "1:33": [
      6416.020490271087,
      6762.607775313723
    ],
    "2:18": [
      655.3159440380962,
      700.2353518311667
    ],
    "2:28": [
      1855.0291269912252,
      2170.176282018936
    ],
    "2:29": [
      2829.2086468876755,
      2894.593395462372
    ],
    "2:15": [
      3567.139797920994,
      3704.81217451473
    ],
    "2:22": [
      4742.442628270034,
      4963.423268399924
    ],
    "2:23": [
      6750.305428643518,
      7066.674882104064
    ],
    "2:24": [
      8331.361512786709,
      8638.704300697009
    ],
    "3:26": [
      47.475056954658434,
      373.08148557310017
    ],
    "3:27": [
      637.1819921773247,
      987.228255053504
    ],
    "3:10": [
      1110.2762823932437,
      1322.9378433521495
    ],
    "3:19": [
      1698.9754813883492,
      1903.3267201245333
    ],
    "3:20": [
      2793.6532476174425,
      2908.8446838827663
    ],
    "3:30": [
      3461.5765068176047,
      3552.420379137634
    ],
    "3:31": [
      4538.244923365495,
      4705.033481380557
    ],
    "3:32": [
      5436.152723458355,
      5784.299022707668
    ],
    "4:34": [
      331.7576547112492,
      401.8058559830712
    ],
    "4:35": [
      1109.4949707580563,
      1375.354465027584
    ],
    "4:36": [
      1827.3855071049354,
      1874.0013701127791
    ],
    "4:37": [
      3335.951003068342,
      3406.6297563588146
    ],
    "4:38": [
      3574.8986132563373,
      3679.6137238954134
    ],
    "4:39": [
      4751.631848062408,
      5097.251705380934
    ],
    "4:40": [
      5277.08565106572,
      5547.993104305303
    ],
    "4:41": [
      7386.693575848557,
      7663.8127592106275
    ],
    "5:0": [
      630.9651244710793,
      862.0850384988446
    ],
    "5:11": [
      1636.8985989183116,
      1715.5953759569286
    ],
    "5:12": [
      1965.5663836778258,
      2134.7612148349554
    ],
    "5:2": [
      2554.3881653815934,
      2765.669949881621
    ],
    "5:21": [
      3551.3711524811324,
      3734.4778729505906
    ],
    "5:46": [
      4530.642072975053,
      4586.639448543739
    ],
    "5:47": [
      5342.514163158204,
      5483.946862092968
    ],
    "5:48": [
      6218.972873187247,
      6413.65583639171
    ],
    "5:49": [
      6646.855771599225,
      6908.112704789794
    ]
  },
  "eval": {
    "is_feasible": true,
    "violations": {},
    "metrics": {
      "violation_total": 0.0,
      "violation_capability": 0.0,
      "violation_time_window": 0.0,
      "violation_energy": 0.0,
      "missed_priority": 0.0,
      "unassigned_count": 0.0,
      "energy_total": 40909.55824817335,
      "total_distance": 37739.55559491304,
      "makespan": 9333.572511205968
    },
    "lex_key": [
      0.0,
      0.0,
      0.0
    ],
    "eval_version": 0
  }
}