{
  "routes": {
    "0": [
      9,
      1,
      29,
      37,
      38,
      46,
      47,
      49
    ],
    "1": [
      26,
      12,
      13,
      14,
      21,
      5,
      6,
      33,
      8
    ],
    "2": [
      18,
      28,
      30,
      32,
      24,
      25
    ],
    "3": [
      10,
      19,
      2,
      15,
      31,
      48
    ],
    "4": [
      35,
      43,
      3,
      39,
      41
    ],
    "5": [
      34,
      27,
      11,
      45,
      4,
      16,
      40,
      23
    ]
  },
  "unassigned": [
    0,
    36,
    7,
    42,
    44,
    17,
    20,
    22
  ],
  "schedule": {
    "0:9": [
      579.0687237960186,
      653.0808044895298
    ],
    "0:1": [
      1407.5762088785964,
      1666.5895177959897
    ],
    "0:29": [
      2900.6534043832453,
      2966.0381529579417
    ],
    "0:37": [
      3335.951003068342,
      3406.6297563588146
    ],
    "0:38": [
      3574.8986132563373,
      3679.6137238954134
    ],
    "0:46": [
      4530.642072975053,
      4586.639448543739
    ],
    "0:47": [
      5342.514163158204,
      5483.946862092968
    ],
    "0:49": [
      6646.855771599225,
      6908.112704789794
    ],
    "1:26": [
      47.475056954658434,
      373.08148557310017
    ],
    "1:12": [
      1965.5663836778258,
      2134.7612148349554
    ],
    "1:13": [
      2337.0927413440613,
      2389.2780037039906
    ],
    "1:14": [
      2734.334861397479,
      2929.865343237388
    ],
    "1:21": [
      3551.3711524811324,
      3734.4778729505906
    ],
    "1:5": [
      4413.621920453816,
      4659.6742325653295
    ],
    "1:6": [
      5214.509262238728,
      5564.445201634229
    ],
    "1:33": [
      6416.020490271087,
      6762.607775313723
    ],
    "1:8": [
      7335.225711416987,
      7599.248630371364
    ],
    "2:18": [
      655.3159440380962,
      700.2353518311667
    ],
    "2:28": [
      1855.0291269912252,
      2170.176282018936
    ],
    "2:30": [
      3461.5765068176047,
      3552.420379137634
    ],
    "2:32": [
      5436.152723458355,
      5784.299022707668
    ],
    "2:24": [
      8331.361512786709,
      8638.704300697009
    ],
    "2:25": [
      9133.665923697745,
      9182.499362228955
    ],
    "3:10": [
      1110.2762823932437,
      1322.9378433521495
    ],
    "3:19": [
      1698.9754813883492,
      1903.3267201245333
    ],
    "3:2": [
      2479.001084975513,
      2690.282869475541
    ],
    "3:15": [
      3567.139797920994,
      3704.81217451473
    ],
    "3:31": [
      4562.992985387351,
      4729.781543402412
    ],
    "3:48": [
      6218.972873187247,
      6413.65583639171
    ],
    "4:35": [
      1109.4949707580563,
      1375.354465027584
    ],
    "4:43": [
      1674.8738131845507,
      1890.0457431966029
    ],
    "4:3": [
      3226.4610879202455,
      3499.0311003173238
    ],
    "4:39": [
      4751.631848062408,
      5097.251705380934
    ],
    "4:41": [
      7386.693575848557,
      7663.8127592106275
    ],
    "5:34": [
      331.7576547112492,
      401.8058559830712
    ],
    "5:27": [
      672.7184438601955,
      1022.7647067363748
    ],
    "5:11": [
      1636.8985989183116,
      1715.5953759569286
    ],
    "5:45": [
      2703.521537486256,
      2983.9291285358177
    ],
    "5:4": [
      3847.6241759977393,
      3986.2438805670795
    ],
    "5:16": [
      4551.536481478656,
      4815.057385113393
    ],
    "5:40": [
      5361.551641985221,
      5632.459095224804
    ],
    "5:23": [
      6750.305428643518,
      7066.674882104064
    ]
  },
  "eval": {
    "is_feasible": true,
    "violations": {},
    "metrics": {
      "violation_total": 0.0,
      "violation_capability": 0.0,
      "violation_time_window": 0.0,
      "violation_energy": 0.0,
      "missed_priority": 13.0,
      "unassigned_count": 8.0,
      "energy_total": 34535.14098688113,
      "total_distance": 31141.760544202465,
      "makespan": 9361.846770229151
    },
    "lex_key": [
      0.0,
      13.0,
      34535.14098688113
    ],
    "eval_version": 0
  }
}