{
  "routes": {
    "0": [
      0,
      1,
      2,
      15,
      46,
      17,
      41,
      25
    ],
    "1": [
      18,
      43,
      44,
      45,
      4,
      16,
      47,
      23
    ],
    "2": [
      27,
      10,
      19,
      20,
      21,
      22,
      48
    ],
    "3": [
      26,
      28,
      29,
      30,
      31,
      32,
      33
    ],
    "4": [
      34,
      35,
      36,
      37,
      38,
      39,
      40,
      49
    ],
    "5": [
      9,
      11,
      12,
      13,
      14,
      3,
      5,
      6,
      7,
      8,
      24
    ]
  },
  "unassigned": [
    42
  ],
  "schedule": {
    "0:0": [
      611.9079288864117,
      843.027842914177
    ],
    "0:1": [
      1407.5762088785964,
      1666.5895177959897
    ],
    "0:2": [
      2479.001084975513,
      2690.282869475541
    ],
    "0:15": [
      3567.139797920994,
      3704.81217451473
    ],
    "0:46": [
      4530.642072975053,
      4586.639448543739
    ],
    "0:17": [
      5731.134512056742,
      5845.4050339543055
    ],
    "0:41": [
      7386.693575848557,
      7663.8127592106275
    ],
    "0:25": [
      9133.665923697745,
      9182.499362228955
    ],
    "1:18": [
      655.3159440380962,
      700.2353518311667
    ],
    "1:43": [
      1607.2904802308833,
      1822.4624102429357
    ],
    "1:44": [
      2151.9784948959727,
      2350.1166532146494
    ],
    "1:45": [
      2726.4964948766155,
      3006.9040859261772
    ],
    "1:4": [
      3847.6241759977393,
      3986.2438805670795
    ],
    "1:16": [
      4551.536481478656,
      4815.057385113393
    ],
    "1:47": [
      5421.153547448733,
      5562.586246383497
    ],
    "1:23": [
      6750.305428643518,
      7066.674882104064
    ],
    "2:27": [
      637.1819921773247,
      987.228255053504
    ],
    "2:10": [
      1110.2762823932437,
      1322.9378433521495
    ],
    "2:19": [
      1698.9754813883492,
      1903.3267201245333
    ],
    "2:20": [
      2793.6532476174425,
      2908.8446838827663
    ],
    "2:21": [
      3551.3711524811324,
      3734.4778729505906
    ],
    "2:22": [
      4742.442628270034,
      4963.423268399924
    ],
    "2:48": [
      6220.660825392414,
      6415.343788596877
    ],
    "3:26": [
      47.475056954658434,
      373.08148557310017
    ],
    "3:28": [
      1855.0291269912252,
      2170.176282018936
    ],
    "3:29": [
      2818.9210137040495,
      2884.305762278746
    ],
    "3:30": [
      3461.5765068176047,
      3552.420379137634
    ],
    "3:31": [
      4538.244923365495,
      4705.033481380557
    ],
    "3:32": [
      5436.152723458355,
      5784.299022707668
    ],
    "3:33": [
      6416.020490271087,
      6762.607775313723
    ],
    "4:34": [
      331.7576547112492,
      401.8058559830712
    ],
    "4:35": [
      1109.4949707580563,
      1375.354465027584
    ],
    "4:36": [
      1827.3855071049354,
      1874.0013701127791
    ],
    "4:37": [
      3335.951003068342,
      3406.6297563588146
    ],
    "4:38": [
      3574.8986132563373,
      3679.6137238954134
    ],
    "4:39": [
      4751.631848062408,
      5097.251705380934
    ],
    "4:40": [
      5277.08565106572,
      5547.993104305303
    ],
    "4:49": [
      6657.132369512504,
      6918.389302703074
    ],
    "5:9": [
      579.0687237960186,
      653.0808044895298
    ],
    "5:11": [
      1636.8985989183116,
      1715.5953759569286
    ],
    "5:12": [
      1965.5663836778258,
      2134.7612148349554
    ],
    "5:13": [
      2337.0927413440613,
      2389.2780037039906
    ],
    "5:14": [
      2734.334861397479,
      2929.865343237388
    ],
    "5:3": [
      3226.4610879202455,
      3499.0311003173238
    ],
    "5:5": [
      4413.621920453816,
      4659.6742325653295
    ],
    "5:6": [
      5193.838532475616,
      5543.774471871117
    ],
    "5:7": [
      6446.140688511011,
      6776.961359504672
    ],
    "5:8": [
      7412.392565486335,
      7676.415484440712
    ],
    "5:24": [
      8331.361512786709,
      8638.704300697009
    ]
  },
  "eval": {
    "is_feasible": true,
    "violations": {},
    "metrics": {
      "violation_total": 0.0,
      "violation_capability": 0.0,
      "violation_time_window": 0.0,
      "violation_energy": 0.0,
      "missed_priority": 0.0,
      "unassigned_count": 1.0,
      "energy_total": 39547.88849674441,
      "total_distance": 36181.41210724609,
      "makespan": 9333.572511205968
    },
    "lex_key": [
      0.0,
      0.0,
      1.0,
      39547.88849674441
    ],
    "eval_version": 0
  },
  "solver_diagnostics": {
    "algorithm": "weighted_alns",
    "policy": {
      "destroy_generator_priors": {
        "global_assigned": 2.5,
        "random_subset": 1.0,
        "route_segment": 1.5,
        "route_tail": 1.2,
        "single_route": 1.8
      },
      "repair_task_selector_priors": {
        "weighted_priority_order": 3.0,
        "regret2_order": 1.0
      },
      "repair_position_selector": "filtered_best_position",
      "metric_weights": {
        "priority": 4.0,
        "tw_tightness": 1.0,
        "violation_risk": 6.0,
        "energy_pressure": 2.0,
        "detour_cost": 2.0,
        "service_burden": 1.0,
        "feasibility_scarcity": 1.0,
        "route_instability": 0.5
      },
      "strength_ratio": 0.15,
      "acceptance": "sa",
      "accept_level": 0.8,
      "reaction_factor": 0.15,
      "prior_mix_lambda": 0.25
    },
    "total_iters": 867,
    "best_update_count": 12,
    "best_update_iters": [
      1,
      3,
      4,
      7,
      8,
      10,
      11,
      68,
      72,
      73,
      74,
      75
    ],
    "best_update_lex_keys": [
      [
        0.0,
        14.0,
        8.0,
        38340.52253894388
      ],
      [
        0.0,
        13.0,
        8.0,
        38697.31520654699
      ],
      [
        0.0,
        13.0,
        8.0,
        38164.10728395731
      ],
      [
        0.0,
        10.0,
        6.0,
        38909.734886170685
      ],
      [
        0.0,
        9.0,
        5.0,
        39145.30886327345
      ],
      [
        0.0,
        7.0,
        4.0,
        39346.179056513785
      ],
      [
        0.0,
        5.0,
        3.0,
        39399.78088029854
      ],
      [
        0.0,
        3.0,
        3.0,
        38324.67724468311
      ],
      [
        0.0,
        3.0,
        3.0,
        37643.20576182426
      ],
      [
        0.0,
        1.0,
        2.0,
        39603.80661174494
      ],
      [
        0.0,
        1.0,
        2.0,
        38113.92928488052
      ],
      [
        0.0,
        0.0,
        1.0,
        39547.88849674441
      ]
    ],
    "first_best_iter": 1,
    "last_best_iter": 75,
    "plateau_iters_after_last_update": 792,
    "initial_solution_feasible": true,
    "returned_solution_source": "best_feasible",
    "returned_solution_feasible": true,
    "last_acceptance_decision": {
      "compare_result": 0,
      "accepted": true,
      "accept_mode": "sa"
    },
    "operator_weights": {
      "destroy_candidate_generators": {
        "adaptive": {
          "global_assigned": 0.6484540697674418,
          "random_subset": 0.6353086448493027,
          "route_segment": 0.6216011989795918,
          "route_tail": 0.6335253193277309,
          "single_route": 0.6148256726332877
        },
        "llm_prior": {
          "global_assigned": 2.5,
          "random_subset": 1.0,
          "route_segment": 1.5,
          "route_tail": 1.2,