{
  "routes": {
    "0": [
      0,
      11,
      12,
      13,
      14,
      15,
      46,
      47,
      48,
      49,
      25
    ],
    "1": [
      9,
      10,
      19,
      20,
      21,
      5,
      6
    ],
    "2": [
      18,
      28,
      29,
      30,
      31,
      32,
      33,
      8,
      24
    ],
    "3": [
      26,
      27,
      43,
      45,
      22,
      23
    ],
    "4": [
      34,
      35,
      36,
      37,
      38,
      39,
      40,
      41
    ],
    "5": [
      42,
      1,
      2,
      3,
      4,
      16,
      17,
      7
    ]
  },
  "unassigned": [
    44
  ],
  "schedule": {
    "0:0": [
      611.9079288864117,
      843.027842914177
    ],
    "0:11": [
      1636.8985989183116,
      1715.5953759569286
    ],
    "0:12": [
      1965.5663836778258,
      2134.7612148349554
    ],
    "0:13": [
      2337.0927413440613,
      2389.2780037039906
    ],
    "0:14": [
      2734.334861397479,
      2929.865343237388
    ],
    "0:15": [
      3567.139797920994,
      3704.81217451473
    ],
    "0:46": [
      4530.642072975053,
      4586.639448543739
    ],
    "0:47": [
      5342.514163158204,
      5483.946862092968
    ],
    "0:48": [
      6218.972873187247,
      6413.65583639171
    ],
    "0:49": [
      6646.855771599225,
      6908.112704789794
    ],
    "0:25": [
      9133.665923697745,
      9182.499362228955
    ],
    "1:9": [
      579.0687237960186,
      653.0808044895298
    ],
    "1:10": [
      1110.2762823932437,
      1322.9378433521495
    ],
    "1:19": [
      1698.9754813883492,
      1903.3267201245333
    ],
    "1:20": [
      2793.6532476174425,
      2908.8446838827663
    ],
    "1:21": [
      3551.3711524811324,
      3734.4778729505906
    ],
    "1:5": [
      4413.621920453816,
      4659.6742325653295
    ],
    "1:6": [
      5214.509262238728,
      5564.445201634229
    ],
    "2:18": [
      655.3159440380962,
      700.2353518311667
    ],
    "2:28": [
      1855.0291269912252,
      2170.176282018936
    ],
    "2:29": [
      2829.2086468876755,
      2894.593395462372
    ],
    "2:30": [
      3480.9470957690614,
      3571.7909680890907
    ],
    "2:31": [
      4574.468700473941,
      4741.257258489002
    ],
    "2:32": [
      5484.083892836033,
      5832.230192085346
    ],
    "2:33": [
      6475.805684063563,
      6822.392969106199
    ],
    "2:8": [
      7335.225711416987,
      7599.248630371364
    ],
    "2:24": [
      8331.361512786709,
      8638.704300697009
    ],
    "3:26": [
      47.475056954658434,
      373.08148557310017
    ],
    "3:27": [
      637.1819921773247,
      987.228255053504
    ],
    "3:43": [
      1673.747546345884,
      1888.9194763579362
    ],
    "3:45": [
      2703.521537486256,
      2983.9291285358177
    ],
    "3:22": [
      4748.428919754631,
      4969.4095598845215
    ],
    "3:23": [
      6750.305428643518,
      7066.674882104064
    ],
    "4:34": [
      331.7576547112492,
      401.8058559830712
    ],
    "4:35": [
      1109.4949707580563,
      1375.354465027584
    ],
    "4:36": [
      1827.3855071049354,
      1874.0013701127791
    ],
    "4:37": [
      3335.951003068342,
      3406.6297563588146
    ],
    "4:38": [
      3574.8986132563373,
      3679.6137238954134
    ],
    "4:39": [
      4751.631848062408,
      5097.251705380934
    ],
    "4:40": [
      5277.08565106572,
      5547.993104305303
    ],
    "4:41": [
      7386.693575848557,
      7663.8127592106275
    ],
    "5:42": [
      747.9789412032561,
      788.137193373003
    ],
    "5:1": [
      1407.5762088785964,
      1666.5895177959897
    ],
    "5:2": [
      2511.797216794997,
      2723.0790012950247
    ],
    "5:3": [
      3279.9020552064853,
      3552.4720676035636
    ],
    "5:4": [
      3915.291190338197,
      4053.910894907537
    ],
    "5:16": [
      4551.536481478656,
      4815.057385113393
    ],
    "5:17": [
      5663.567696079597,
      5777.838217977161
    ],
    "5:7": [
      6443.555368775566,
      6774.376039769228
    ]
  },
  "eval": {
    "is_feasible": true,
    "violations": {},
    "metrics": {
      "violation_total": 0.0,
      "violation_capability": 0.0,
      "violation_time_window": 0.0,
      "violation_energy": 0.0,
      "missed_priority": 3.0,
      "unassigned_count": 1.0,
      "energy_total": 42198.96792289157,
      "total_distance": 38757.12439800147,
      "makespan": 9333.572511205968
    },
    "lex_key": [
      0.0,
      3.0,
      1.0
    ],
    "eval_version": 0
  }
}