{
  "routes": {
    "0": [
      0,
      11,
      12,
      13,
      14,
      21,
      5,
      47,
      48,
      49,
      24,
      25
    ],
    "1": [
      9,
      1,
      2,
      15,
      22,
      17,
      33,
      8
    ],
    "2": [
      18,
      28,
      29,
      30,
      31,
      32
    ],
    "3": [
      26,
      27,
      10,
      19,
      20,
      6
    ],
    "4": [
      34,
      35,
      36,
      37,
      38,
      46,
      41
    ],
    "5": [
      42,
      43,
      44,
      45,
      4,
      39,
      40,
      23
    ]
  },
  "unassigned": [
    16,
    3,
    7
  ],
  "schedule": {
    "0:0": [
      611.9079288864117,
      843.027842914177
    ],
    "0:11": [
      1636.8985989183116,
      1715.5953759569286
    ],
    "0:12": [
      1965.5663836778258,
      2134.7612148349554
    ],
    "0:13": [
      2337.0927413440613,
      2389.2780037039906
    ],
    "0:14": [
      2734.334861397479,
      2929.865343237388
    ],
    "0:21": [
      3551.3711524811324,
      3734.4778729505906
    ],
    "0:5": [
      4413.621920453816,
      4659.6742325653295
    ],
    "0:47": [
      5342.514163158204,
      5483.946862092968
    ],
    "0:48": [
      6218.972873187247,
      6413.65583639171
    ],
    "0:49": [
      6646.855771599225,
      6908.112704789794
    ],
    "0:24": [
      8331.361512786709,
      8638.704300697009
    ],
    "0:25": [
      9133.665923697745,
      9182.499362228955
    ],
    "1:9": [
      579.0687237960186,
      653.0808044895298
    ],
    "1:1": [
      1411.1511398955213,
      1670.1644488129145
    ],
    "1:2": [
      2548.0794252219703,
      2759.361209721998
    ],
    "1:15": [
      3567.139797920994,
      3704.81217451473
    ],
    "1:22": [
      4742.442628270034,
      4963.423268399924
    ],
    "1:17": [
      5663.567696079597,
      5777.838217977161
    ],
    "1:33": [
      6416.020490271087,
      6762.607775313723
    ],
    "1:8": [
      7335.225711416987,
      7599.248630371364
    ],
    "2:18": [
      655.3159440380962,
      700.2353518311667
    ],
    "2:28": [
      1855.0291269912252,
      2170.176282018936
    ],
    "2:29": [
      2829.2086468876755,
      2894.593395462372
    ],
    "2:30": [
      3480.9470957690614,
      3571.7909680890907
    ],
    "2:31": [
      4574.468700473941,
      4741.257258489002
    ],
    "2:32": [
      5484.083892836033,
      5832.230192085346
    ],
    "3:26": [
      47.475056954658434,
      373.08148557310017
    ],
    "3:27": [
      637.1819921773247,
      987.228255053504
    ],
    "3:10": [
      1110.2762823932437,
      1322.9378433521495
    ],
    "3:19": [
      1698.9754813883492,
      1903.3267201245333
    ],
    "3:20": [
      2793.6532476174425,
      2908.8446838827663
    ],
    "3:6": [
      5174.772537871169,
      5524.70847726667
    ],
    "4:34": [
      331.7576547112492,
      401.8058559830712
    ],
    "4:35": [
      1109.4949707580563,
      1375.354465027584
    ],
    "4:36": [
      1827.3855071049354,
      1874.0013701127791
    ],
    "4:37": [
      3335.951003068342,
      3406.6297563588146
    ],
    "4:38": [
      3574.8986132563373,
      3679.6137238954134
    ],
    "4:46": [
      4530.642072975053,
      4586.639448543739
    ],
    "4:41": [
      7386.693575848557,
      7663.8127592106275
    ],
    "5:42": [
      747.9789412032561,
      788.137193373003
    ],
    "5:43": [
      1607.2904802308833,
      1822.4624102429357
    ],
    "5:44": [
      2142.193872371557,
      2340.3320306902338
    ],
    "5:45": [
      2703.521537486256,
      2983.9291285358177
    ],
    "5:4": [
      3847.6241759977393,
      3986.2438805670795
    ],
    "5:39": [
      4751.631848062408,
      5097.251705380934
    ],
    "5:40": [
      5277.08565106572,
      5547.993104305303
    ],
    "5:23": [
      6750.305428643518,
      7066.674882104064
    ]
  },
  "eval": {
    "is_feasible": true,
    "violations": {},
    "metrics": {
      "violation_total": 0.0,
      "violation_capability": 0.0,
      "violation_time_window": 0.0,
      "violation_energy": 0.0,
      "missed_priority": 5.0,
      "unassigned_count": 3.0,
      "energy_total": 36779.76001899574,
      "total_distance": 33585.42766100828,
      "makespan": 9333.572511205968
    },
    "lex_key": [
      0.0,
      3.0,
      9333.572511205968
    ],
    "eval_version": 0
  }
}