{
  "routes": {
    "0": [
      0,
      1,
      2,
      37,
      38,
      46,
      48,
      49
    ],
    "1": [
      18,
      43,
      44,
      45,
      4,
      16,
      47,
      23
    ],
    "2": [
      27,
      10,
      19,
      20,
      30,
      31,
      32,
      33,
      8,
      24
    ],
    "3": [
      26,
      28,
      29,
      15,
      22,
      7
    ],
    "4": [
      34,
      35,
      36,
      3,
      39,
      40
    ],
    "5": [
      9,
      11,
      12,
      13,
      14,
      21,
      5,
      6,
      41,
      25
    ]
  },
  "unassigned": [
    17,
    42
  ],
  "schedule": {
    "0:0": [
      611.9079288864117,
      843.027842914177
    ],
    "0:1": [
      1407.5762088785964,
      1666.5895177959897
    ],
    "0:2": [
      2479.001084975513,
      2690.282869475541
    ],
    "0:37": [
      3335.951003068342,
      3406.6297563588146
    ],
    "0:38": [
      3574.8986132563373,
      3679.6137238954134
    ],
    "0:46": [
      4530.642072975053,
      4586.639448543739
    ],
    "0:48": [
      6218.972873187247,
      6413.65583639171
    ],
    "0:49": [
      6646.855771599225,
      6908.112704789794
    ],
    "1:18": [
      655.3159440380962,
      700.2353518311667
    ],
    "1:43": [
      1607.2904802308833,
      1822.4624102429357
    ],
    "1:44": [
      2151.9784948959727,
      2350.1166532146494
    ],
    "1:45": [
      2726.4964948766155,
      3006.9040859261772
    ],
    "1:4": [
      3847.6241759977393,
      3986.2438805670795
    ],
    "1:16": [
      4551.536481478656,
      4815.057385113393
    ],
    "1:47": [
      5421.153547448733,
      5562.586246383497
    ],
    "1:23": [
      6750.305428643518,
      7066.674882104064
    ],
    "2:27": [
      637.1819921773247,
      987.228255053504
    ],
    "2:10": [
      1110.2762823932437,
      1322.9378433521495
    ],
    "2:19": [
      1698.9754813883492,
      1903.3267201245333
    ],
    "2:20": [
      2793.6532476174425,
      2908.8446838827663
    ],
    "2:30": [
      3461.5765068176047,
      3552.420379137634
    ],
    "2:31": [
      4555.098111522484,
      4721.8866695375455
    ],
    "2:32": [
      5464.713303884576,
      5812.859603133889
    ],
    "2:33": [
      6456.435095112106,
      6803.022380154743
    ],
    "2:8": [
      7335.225711416987,
      7599.248630371364
    ],
    "2:24": [
      8331.361512786709,
      8638.704300697009
    ],
    "3:26": [
      47.475056954658434,
      373.08148557310017
    ],
    "3:28": [
      1855.0291269912252,
      2170.176282018936
    ],
    "3:29": [
      2818.9210137040495,
      2884.305762278746
    ],
    "3:15": [
      3567.139797920994,
      3704.81217451473
    ],
    "3:22": [
      4742.442628270034,
      4963.423268399924
    ],
    "3:7": [
      6393.986443862309,
      6724.80711485597
    ],
    "4:34": [
      331.7576547112492,
      401.8058559830712
    ],
    "4:35": [
      1109.4949707580563,
      1375.354465027584
    ],
    "4:36": [
      1827.3855071049354,
      1874.0013701127791
    ],
    "4:3": [
      3226.4610879202455,
      3499.0311003173238
    ],
    "4:39": [
      4751.631848062408,
      5097.251705380934
    ],
    "4:40": [
      5277.08565106572,
      5547.993104305303
    ],
    "5:9": [
      579.0687237960186,
      653.0808044895298
    ],
    "5:11": [
      1636.8985989183116,
      1715.5953759569286
    ],
    "5:12": [
      1965.5663836778258,
      2134.7612148349554
    ],
    "5:13": [
      2337.0927413440613,
      2389.2780037039906
    ],
    "5:14": [
      2734.334861397479,
      2929.865343237388
    ],
    "5:21": [
      3551.3711524811324,
      3734.4778729505906
    ],
    "5:5": [
      4413.621920453816,
      4659.6742325653295
    ],
    "5:6": [
      5193.838532475616,
      5543.774471871117
    ],
    "5:41": [
      7386.693575848557,
      7663.8127592106275
    ],
    "5:25": [
      9133.665923697745,
      9182.499362228955
    ]
  },
  "eval": {
    "is_feasible": true,
    "violations": {},
    "metrics": {
      "violation_total": 0.0,
      "violation_capability": 0.0,
      "violation_time_window": 0.0,
      "violation_energy": 0.0,
      "missed_priority": 0.0,
      "unassigned_count": 2.0,
      "energy_total": 34436.74694061718,
      "total_distance": 31107.144438113944,
      "makespan": 9339.823803215411
    },
    "lex_key": [
      0.0,
      0.0,
      34436.74694061718
    ],
    "eval_version": 0
  },
  "solver_diagnostics": {
    "algorithm": "alns",
    "total_iters": 2000,
    "best_update_count": 1,
    "best_update_iters": [
      129
    ],
    "best_update_lex_keys": [
      [
        0.0,
        0.0,
        34436.74694061718
      ]
    ],
    "first_best_iter": 129,
    "last_best_iter": 129,
    "plateau_iters_after_last_improve": 1871,
    "initial_solution_feasible": true,
    "returned_solution_source": "best_feasible",
    "returned_solution_feasible": true
  }
}