{
  "routes": {
    "0": [
      0,
      1,
      2,
      37,
      38,
      46,
      47,
      23
    ],
    "1": [
      9,
      11,
      12,
      13,
      3,
      4,
      16,
      17,
      7
    ],
    "2": [
      18,
      28,
      29,
      21,
      22,
      48,
      8,
      24
    ],
    "3": [
      26,
      27,
      10,
      19,
      20,
      30,
      31,
      32,
      33
    ],
    "4": [
      34,
      35,
      36,
      39,
      40,
      49
    ],
    "5": [
      42,
      43,
      44,
      14,
      15,
      5,
      6,
      41,
      25
    ]
  },
  "unassigned": [
    45
  ],
  "schedule": {
    "0:0": [
      611.9079288864117,
      843.027842914177
    ],
    "0:1": [
      1407.5762088785964,
      1666.5895177959897
    ],
    "0:2": [
      2479.001084975513,
      2690.282869475541
    ],
    "0:37": [
      3335.951003068342,
      3406.6297563588146
    ],
    "0:38": [
      3574.8986132563373,
      3679.6137238954134
    ],
    "0:46": [
      4530.642072975053,
      4586.639448543739
    ],
    "0:47": [
      5342.514163158204,
      5483.946862092968
    ],
    "0:23": [
      6750.305428643518,
      7066.674882104064
    ],
    "1:9": [
      579.0687237960186,
      653.0808044895298
    ],
    "1:11": [
      1636.8985989183116,
      1715.5953759569286
    ],
    "1:12": [
      1965.5663836778258,
      2134.7612148349554
    ],
    "1:13": [
      2337.0927413440613,
      2389.2780037039906
    ],
    "1:3": [
      3226.4610879202455,
      3499.0311003173238
    ],
    "1:4": [
      3875.8903527277826,
      4014.510057297123
    ],
    "1:16": [
      4551.536481478656,
      4815.057385113393
    ],
    "1:17": [
      5663.567696079597,
      5777.838217977161
    ],
    "1:7": [
      6469.316842024778,
      6800.13751301844
    ],
    "2:18": [
      655.3159440380962,
      700.2353518311667
    ],
    "2:28": [
      1855.0291269912252,
      2170.176282018936
    ],
    "2:29": [
      2829.2086468876755,
      2894.593395462372
    ],
    "2:21": [
      3551.3711524811324,
      3734.4778729505906
    ],
    "2:22": [
      4742.442628270034,
      4963.423268399924
    ],
    "2:48": [
      6220.660825392414,
      6415.343788596877
    ],
    "2:8": [
      7335.225711416987,
      7599.248630371364
    ],
    "2:24": [
      8331.361512786709,
      8638.704300697009
    ],
    "3:26": [
      47.475056954658434,
      373.08148557310017
    ],
    "3:27": [
      637.1819921773247,
      987.228255053504
    ],
    "3:10": [
      1110.2762823932437,
      1322.9378433521495
    ],
    "3:19": [
      1698.9754813883492,
      1903.3267201245333
    ],
    "3:20": [
      2793.6532476174425,
      2908.8446838827663
    ],
    "3:30": [
      3461.5765068176047,
      3552.420379137634
    ],
    "3:31": [
      4538.244923365495,
      4705.033481380557
    ],
    "3:32": [
      5436.152723458355,
      5784.299022707668
    ],
    "3:33": [
      6416.020490271087,
      6762.607775313723
    ],
    "4:34": [
      331.7576547112492,
      401.8058559830712
    ],
    "4:35": [
      1109.4949707580563,
      1375.354465027584
    ],
    "4:36": [
      1827.3855071049354,
      1874.0013701127791
    ],
    "4:39": [
      4751.631848062408,
      5097.251705380934
    ],
    "4:40": [
      5277.08565106572,
      5547.993104305303
    ],
    "4:49": [
      6657.132369512504,
      6918.389302703074
    ],
    "5:42": [
      747.9789412032561,
      788.137193373003
    ],
    "5:43": [
      1607.2904802308833,
      1822.4624102429357
    ],
    "5:44": [
      2142.193872371557,
      2340.3320306902338
    ],
    "5:14": [
      2734.334861397479,
      2929.865343237388
    ],
    "5:15": [
      3567.139797920994,
      3704.81217451473
    ],
    "5:5": [
      4413.621920453816,
      4659.6742325653295
    ],
    "5:6": [
      5193.838532475616,
      5543.774471871117
    ],
    "5:41": [
      7386.693575848557,
      7663.8127592106275
    ],
    "5:25": [
      9133.665923697745,
      9182.499362228955
    ]
  },
  "eval": {
    "is_feasible": true,
    "violations": {},
    "metrics": {
      "violation_total": 0.0,
      "violation_capability": 0.0,
      "violation_time_window": 0.0,
      "violation_energy": 0.0,
      "missed_priority": 2.0,
      "unassigned_count": 1.0,
      "energy_total": 38031.3101009048,
      "total_distance": 34571.492493702346,
      "makespan": 9339.823803215411
    },
    "lex_key": [
      0.0,
      2.0,
      1.0,
      38031.3101009048
    ],
    "eval_version": 0
  },
  "solver_diagnostics": {
    "algorithm": "weighted_alns",
    "policy": {
      "destroy_generator_priors": {
        "global_assigned": 2.0,
        "random_subset": 1.2,
        "route_segment": 2.5,
        "route_tail": 1.8,
        "single_route": 2.2
      },
      "repair_task_selector_priors": {
        "weighted_priority_order": 4.5,
        "regret2_order": 1.0
      },
      "repair_position_selector": "filtered_best_position",
      "metric_weights": {
        "priority": 5.0,
        "tw_tightness": 2.5,
        "violation_risk": 6.0,
        "energy_pressure": 1.8,
        "detour_cost": 2.2,
        "service_burden": 1.0,
        "feasibility_scarcity": 3.5,
        "route_instability": 1.0
      },
      "strength_ratio": 0.22,
      "acceptance": "sa",
      "accept_level": 0.7,
      "reaction_factor": 0.2,
      "prior_mix_lambda": 0.3
    },
    "total_iters": 386,
    "best_update_count": 7,
    "best_update_iters": [
      94,
      96,
      98,
      128,
      162,
      167,
      181
    ],
    "best_update_lex_keys": [
      [
        0.0,
        3.0,
        3.0,
        36436.48072192981
      ],
      [
        0.0,
        3.0,
        3.0,
        36421.071814441915
      ],
      [
        0.0,
        3.0,
        3.0,
        35505.81126772052
      ],
      [
        0.0,
        2.0,
        2.0,
        38239.939221974084
      ],
      [
        0.0,
        2.0,
        2.0,
        38080.235785367084
      ],
      [
        0.0,
        2.0,
        2.0,
        37576.137076086736
      ],
      [
        0.0,
        2.0,
        1.0,
        38031.3101009048
      ]
    ],
    "first_best_iter": 94,
    "last_best_iter": 181,
    "plateau_iters_after_last_update": 205,
    "initial_solution_feasible": true,
    "returned_solution_source": "best_feasible",
    "returned_solution_feasible": true,
    "last_acceptance_decision": {
      "compare_result": 0,
      "accepted": true,
      "accept_mode": "sa"
    },
    "operator_weights": {
      "destroy_candidate_generators": {
        "adaptive": {
          "global_assigned": 0.8426666666666667,
          "random_subset": 0.855,
          "route_segment": 0.871219512195122,
          "route_tail": 0.8593548387096774,
          "single_route": 0.8725581395348837
        },
        "llm_prior": {
          "global_assigned": 2.0,
          "random_subset": 1.2,
          "route_segment": 2.5,
          "route_tail": 1.8,
          "single_route": 2.2
        },
        "fused_final": {
          "global_assigned": 1.0921142381041045,
          "random_subset": 0.9465218722957511,
          "route_segment": 1.1952845833270966,
          "route_tail": 1.0727598730057288,
          "single_route": 1.1515501762568598
        }
      },
      "repair_task_selectors": {
        "adaptive": {
          "weighted_priority_order": 0.8511304347826087,
          "regret2_order": 0.872
        },