{
  "routes": {
    "0": [
      9,
      43,
      44,
      45,
      39,
      40,
      23
    ],
    "1": [
      18,
      28,
      29,
      21,
      5,
      6,
      33,
      8,
      24
    ],
    "2": [
      26,
      27,
      10,
      19,
      20,
      30,
      31,
      32
    ],
    "3": [
      1,
      15,
      22,
      7,
      25
    ],
    "4": [
      34,
      35,
      36,
      37,
      38,
      46,
      41
    ],
    "5": [
      0,
      11,
      12,
      13,
      14,
      3,
      4,
      16,
      47,
      48,
      49
    ]
  },
  "unassigned": [
    17,
    2,
    42
  ],
  "schedule": {
    "0:9": [
      579.0687237960186,
      653.0808044895298
    ],
    "0:43": [
      1655.1265198494016,
      1870.2984498614537
    ],
    "0:44": [
      2174.9326720493596,
      2373.0708303680362
    ],
    "0:45": [
      2721.0301126368495,
      3001.437703686411
    ],
    "0:39": [
      4751.631848062408,
      5097.251705380934
    ],
    "0:40": [
      5277.08565106572,
      5547.993104305303
    ],
    "0:23": [
      6750.305428643518,
      7066.674882104064
    ],
    "1:18": [
      655.3159440380962,
      700.2353518311667
    ],
    "1:28": [
      1855.0291269912252,
      2170.176282018936
    ],
    "1:29": [
      2818.9210137040495,
      2884.305762278746
    ],
    "1:21": [
      3551.3711524811324,
      3734.4778729505906
    ],
    "1:5": [
      4413.621920453816,
      4659.6742325653295
    ],
    "1:6": [
      5214.509262238728,
      5564.445201634229
    ],
    "1:33": [
      6416.020490271087,
      6762.607775313723
    ],
    "1:8": [
      7335.225711416987,
      7599.248630371364
    ],
    "1:24": [
      8331.361512786709,
      8638.704300697009
    ],
    "2:26": [
      47.475056954658434,
      373.08148557310017
    ],
    "2:27": [
      639.5118857882225,
      989.5581486644016
    ],
    "2:10": [
      1110.2762823932437,
      1322.9378433521495
    ],
    "2:19": [
      1698.9754813883492,
      1903.3267201245333
    ],
    "2:20": [
      2793.6532476174425,
      2908.8446838827663
    ],
    "2:30": [
      3461.5765068176047,
      3552.420379137634
    ],
    "2:31": [
      4555.098111522484,
      4721.8866695375455
    ],
    "2:32": [
      5464.713303884576,
      5812.859603133889
    ],
    "3:1": [
      1407.5762088785964,
      1666.5895177959897
    ],
    "3:15": [
      3567.139797920994,
      3704.81217451473
    ],
    "3:22": [
      4742.442628270034,
      4963.423268399924
    ],
    "3:7": [
      6393.986443862309,
      6724.80711485597
    ],
    "3:25": [
      9133.665923697745,
      9182.499362228955
    ],
    "4:34": [
      331.7576547112492,
      401.8058559830712
    ],
    "4:35": [
      1109.4949707580563,
      1375.354465027584
    ],
    "4:36": [
      1827.3855071049354,
      1874.0013701127791
    ],
    "4:37": [
      3335.951003068342,
      3406.6297563588146
    ],
    "4:38": [
      3574.8986132563373,
      3679.6137238954134
    ],
    "4:46": [
      4530.642072975053,
      4586.639448543739
    ],
    "4:41": [
      7386.693575848557,
      7663.8127592106275
    ],
    "5:0": [
      630.9651244710793,
      862.0850384988446
    ],
    "5:11": [
      1636.8985989183116,
      1715.5953759569286
    ],
    "5:12": [
      1965.5663836778258,
      2134.7612148349554
    ],
    "5:13": [
      2337.0927413440613,
      2389.2780037039906
    ],
    "5:14": [
      2734.334861397479,
      2929.865343237388
    ],
    "5:3": [
      3226.4610879202455,
      3499.0311003173238
    ],
    "5:4": [
      3861.850223051957,
      4000.4699276212973
    ],
    "5:16": [
      4551.536481478656,
      4815.057385113393
    ],
    "5:47": [
      5398.57305178416,
      5540.005750718925
    ],
    "5:48": [
      6272.5245758008095,
      6467.207539005272
    ],
    "5:49": [
      6698.013047239527,
      6959.269980430096
    ]
  },
  "eval": {
    "is_feasible": true,
    "violations": {},
    "metrics": {
      "violation_total": 0.0,
      "violation_capability": 0.0,
      "violation_time_window": 0.0,
      "violation_energy": 0.0,
      "missed_priority": 2.0,
      "unassigned_count": 3.0,
      "energy_total": 35316.901912558955,
      "total_distance": 31642.466667860746,
      "makespan": 9358.394081918594
    },
    "lex_key": [
      0.0,
      2.0,
      3.0,
      35316.901912558955
    ],
    "eval_version": 0
  },
  "solver_diagnostics": {
    "algorithm": "weighted_alns",
    "policy": {
      "destroy_generator_priors": {
        "global_assigned": 1.5,
        "random_subset": 1.0,
        "route_segment": 2.0,
        "route_tail": 1.2,
        "single_route": 1.8
      },
      "repair_task_selector_priors": {
        "weighted_priority_order": 3.5,
        "regret2_order": 1.5
      },
      "repair_position_selector": "filtered_best_position",
      "metric_weights": {
        "priority": 4.0,
        "tw_tightness": 2.0,
        "violation_risk": 6.0,
        "energy_pressure": 3.0,
        "detour_cost": 2.0,
        "service_burden": 1.0,
        "feasibility_scarcity": 2.0,
        "route_instability": 1.0
      },
      "strength_ratio": 0.15,
      "acceptance": "sa",
      "accept_level": 0.8,
      "reaction_factor": 0.15,
      "prior_mix_lambda": 0.25
    },
    "total_iters": 321,
    "best_update_count": 11,
    "best_update_iters": [
      2,
      5,
      6,
      7,
      12,
      13,
      16,
      20,
      61,
      65,
      244
    ],
    "best_update_lex_keys": [
      [
        0.0,
        8.0,
        6.0,
        38955.112793035754
      ],
      [
        0.0,
        8.0,
        6.0,
        37033.16969559315
      ],
      [
        0.0,
        8.0,
        6.0,
        35307.60396342911
      ],
      [
        0.0,
        8.0,
        4.0,
        36609.86296478445
      ],
      [
        0.0,
        7.0,
        4.0,
        37043.73837170413
      ],
      [
        0.0,
        7.0,
        4.0,
        35998.32785571867
      ],
      [
        0.0,
        7.0,
        3.0,
        35013.57611055036
      ],
      [
        0.0,
        6.0,
        3.0,
        35282.08998792289
      ],
      [
        0.0,
        4.0,
        4.0,
        35740.47571868275
      ],
      [
        0.0,
        3.0,
        4.0,
        34093.212653461276
      ],
      [
        0.0,
        2.0,
        3.0,
        35316.901912558955
      ]
    ],
    "first_best_iter": 2,
    "last_best_iter": 244,
    "plateau_iters_after_last_update": 77,
    "initial_solution_feasible": true,
    "returned_solution_source": "best_feasible",
    "returned_solution_feasible": true,
    "last_acceptance_decision": {
      "compare_result": 0,
      "accepted": true,
      "accept_mode": "sa"
    },
    "operator_weights": {
      "destroy_candidate_generators": {
        "adaptive": {
          "global_assigned": 0.9084210526315789,
          "random_subset": 0.9448387096774192,
          "route_segment": 0.8957894736842105,
          "route_tail": 0.9234042553191488,
          "single_route": 0.893695652173913
        },
        "llm_prior": {
          "global_assigned": 1.5,
          "random_subset": 1.0,
          "route_segment": 2.0,
          "route_tail": 1.2,
          "single_route": 1.8
        },
        "fused_final": {
          "global_assigned": 1.0297651915603248,
          "random_subset": 0.9583370053715082,
          "route_segment": 1.0949945686553662,
          "route_tail": 0.9859144121363239,