{
  "routes": {
    "0": [
      0,
      1,
      2,
      15,
      5,
      6,
      17,
      41,
      25
    ],
    "1": [
      9,
      11,
      12,
      13,
      14,
      3,
      4,
      16,
      47,
      23
    ],
    "2": [
      18,
      28,
      29,
      21,
      22,
      7
    ],
    "3": [
      26,
      27,
      10,
      19,
      20,
      30,
      31,
      48
    ],
    "4": [
      34,
      35,
      36,
      37,
      38,
      39,
      40,
      49
    ],
    "5": [
      42,
      43,
      44,
      45,
      46,
      32,
      33,
      8,
      24
    ]
  },
  "unassigned": [],
  "schedule": {
    "0:0": [
      611.9079288864117,
      843.027842914177
    ],
    "0:1": [
      1407.5762088785964,
      1666.5895177959897
    ],
    "0:2": [
      2479.001084975513,
      2690.282869475541
    ],
    "0:15": [
      3567.139797920994,
      3704.81217451473
    ],
    "0:5": [
      4413.621920453816,
      4659.6742325653295
    ],
    "0:6": [
      5174.772537871169,
      5524.70847726667
    ],
    "0:17": [
      5754.9934396786875,
      5869.263961576251
    ],
    "0:41": [
      7386.693575848557,
      7663.8127592106275
    ],
    "0:25": [
      9133.665923697745,
      9182.499362228955
    ],
    "1:9": [
      579.0687237960186,
      653.0808044895298
    ],
    "1:11": [
      1636.8985989183116,
      1715.5953759569286
    ],
    "1:12": [
      1965.5663836778258,
      2134.7612148349554
    ],
    "1:13": [
      2337.0927413440613,
      2389.2780037039906
    ],
    "1:14": [
      2734.334861397479,
      2929.865343237388
    ],
    "1:3": [
      3233.0082391468686,
      3505.578251543947
    ],
    "1:4": [
      3882.4375039544057,
      4021.057208523746
    ],
    "1:16": [
      4551.536481478656,
      4815.057385113393
    ],
    "1:47": [
      5421.153547448733,
      5562.586246383497
    ],
    "1:23": [
      6750.305428643518,
      7066.674882104064
    ],
    "2:18": [
      655.3159440380962,
      700.2353518311667
    ],
    "2:28": [
      1855.0291269912252,
      2170.176282018936
    ],
    "2:29": [
      2829.2086468876755,
      2894.593395462372
    ],
    "2:21": [
      3551.3711524811324,
      3734.4778729505906
    ],
    "2:22": [
      4742.442628270034,
      4963.423268399924
    ],
    "2:7": [
      6393.986443862309,
      6724.80711485597
    ],
    "3:26": [
      47.475056954658434,
      373.08148557310017
    ],
    "3:27": [
      637.1819921773247,
      987.228255053504
    ],
    "3:10": [
      1110.2762823932437,
      1322.9378433521495
    ],
    "3:19": [
      1698.9754813883492,
      1903.3267201245333
    ],
    "3:20": [
      2793.6532476174425,
      2908.8446838827663
    ],
    "3:30": [
      3461.5765068176047,
      3552.420379137634
    ],
    "3:31": [
      4538.244923365495,
      4705.033481380557
    ],
    "3:48": [
      6218.972873187247,
      6413.65583639171
    ],
    "4:34": [
      331.7576547112492,
      401.8058559830712
    ],
    "4:35": [
      1109.4949707580563,
      1375.354465027584
    ],
    "4:36": [
      1827.3855071049354,
      1874.0013701127791
    ],
    "4:37": [
      3335.951003068342,
      3406.6297563588146
    ],
    "4:38": [
      3574.8986132563373,
      3679.6137238954134
    ],
    "4:39": [
      4751.631848062408,
      5097.251705380934
    ],
    "4:40": [
      5277.08565106572,
      5547.993104305303
    ],
    "4:49": [
      6657.132369512504,
      6918.389302703074
    ],
    "5:42": [
      747.9789412032561,
      788.137193373003
    ],
    "5:43": [
      1607.2904802308833,
      1822.4624102429357
    ],
    "5:44": [
      2142.193872371557,
      2340.3320306902338
    ],
    "5:45": [
      2703.521537486256,
      2983.9291285358177
    ],
    "5:46": [
      4530.642072975053,
      4586.639448543739
    ],
    "5:32": [
      5436.152723458355,
      5784.299022707668
    ],
    "5:33": [
      6416.020490271087,
      6762.607775313723
    ],
    "5:8": [
      7335.225711416987,
      7599.248630371364
    ],
    "5:24": [
      8331.361512786709,
      8638.704300697009
    ]
  },
  "eval": {
    "is_feasible": true,
    "violations": {},
    "metrics": {
      "violation_total": 0.0,
      "violation_capability": 0.0,
      "violation_time_window": 0.0,
      "violation_energy": 0.0,
      "missed_priority": 0.0,
      "unassigned_count": 0.0,
      "energy_total": 38190.100399689516,
      "total_distance": 34941.152160404585,
      "makespan": 9333.572511205968
    },
    "lex_key": [
      0.0,
      0.0,
      0.0,
      38190.100399689516,
      34941.152160404585
    ],
    "eval_version": 0
  },
  "solver_diagnostics": {
    "algorithm": "alns",
    "total_iters": 2000,
    "best_update_count": 1,
    "best_update_iters": [
      1453
    ],
    "best_update_lex_keys": [
      [
        0.0,
        0.0,
        0.0,
        38190.100399689516,
        34941.152160404585
      ]
    ],
    "first_best_iter": 1453,
    "last_best_iter": 1453,
    "plateau_iters_after_last_improve": 547,
    "initial_solution_feasible": true,
    "returned_solution_source": "best_feasible",
    "returned_solution_feasible": true
  }
}