{
  "routes": {
    "0": [
      9,
      10,
      19,
      20,
      15,
      46,
      47,
      48,
      49,
      24
    ],
    "1": [
      42,
      11,
      12,
      2,
      21,
      5,
      6,
      8,
      25
    ],
    "2": [
      18,
      43,
      45,
      22,
      23
    ],
    "3": [
      26,
      27,
      28,
      29,
      30,
      31,
      32,
      33
    ],
    "4": [
      34,
      35,
      36,
      37,
      38,
      39,
      40,
      41
    ],
    "5": [
      0,
      1,
      13,
      14,
      3,
      4,
      16,
      17,
      7
    ]
  },
  "unassigned": [
    44
  ],
  "schedule": {
    "0:9": [
      579.0687237960186,
      653.0808044895298
    ],
    "0:10": [
      1110.2762823932437,
      1322.9378433521495
    ],
    "0:19": [
      1698.9754813883492,
      1903.3267201245333
    ],
    "0:20": [
      2793.6532476174425,
      2908.8446838827663
    ],
    "0:15": [
      3587.533526683287,
      3725.205903277023
    ],
    "0:46": [
      4530.642072975053,
      4586.639448543739
    ],
    "0:47": [
      5342.514163158204,
      5483.946862092968
    ],
    "0:48": [
      6218.972873187247,
      6413.65583639171
    ],
    "0:49": [
      6646.855771599225,
      6908.112704789794
    ],
    "0:24": [
      8331.361512786709,
      8638.704300697009
    ],
    "1:42": [
      771.9566497629845,
      812.1149019327314
    ],
    "1:11": [
      1636.8985989183116,
      1715.5953759569286
    ],
    "1:12": [
      1965.5663836778258,
      2134.7612148349554
    ],
    "1:2": [
      2570.6266060589746,
      2781.9083905590023
    ],
    "1:21": [
      3551.3711524811324,
      3734.4778729505906
    ],
    "1:5": [
      4413.621920453816,
      4659.6742325653295
    ],
    "1:6": [
      5214.509262238728,
      5564.445201634229
    ],
    "1:8": [
      7335.225711416987,
      7599.248630371364
    ],
    "1:25": [
      9133.665923697745,
      9182.499362228955
    ],
    "2:18": [
      655.3159440380962,
      700.2353518311667
    ],
    "2:43": [
      1627.6753505543888,
      1842.847280566441
    ],
    "2:45": [
      2703.521537486256,
      2983.9291285358177
    ],
    "2:22": [
      4783.06479633961,
      5004.045436469501
    ],
    "2:23": [
      6790.61683720734,
      7106.986290667885
    ],
    "3:26": [
      47.475056954658434,
      373.08148557310017
    ],
    "3:27": [
      637.1819921773247,
      987.228255053504
    ],
    "3:28": [
      1855.0291269912252,
      2170.176282018936
    ],
    "3:29": [
      2818.9210137040495,
      2884.305762278746
    ],
    "3:30": [
      3461.5765068176047,
      3552.420379137634
    ],
    "3:31": [
      4538.244923365495,
      4705.033481380557
    ],
    "3:32": [
      5436.152723458355,
      5784.299022707668
    ],
    "3:33": [
      6416.020490271087,
      6762.607775313723
    ],
    "4:34": [
      331.7576547112492,
      401.8058559830712
    ],
    "4:35": [
      1109.4949707580563,
      1375.354465027584
    ],
    "4:36": [
      1827.3855071049354,
      1874.0013701127791
    ],
    "4:37": [
      3335.951003068342,
      3406.6297563588146
    ],
    "4:38": [
      3574.8986132563373,
      3679.6137238954134
    ],
    "4:39": [
      4751.631848062408,
      5097.251705380934
    ],
    "4:40": [
      5277.08565106572,
      5547.993104305303
    ],
    "4:41": [
      7386.693575848557,
      7663.8127592106275
    ],
    "5:0": [
      630.9651244710793,
      862.0850384988446
    ],
    "5:1": [
      1448.2220379005767,
      1707.23534681797
    ],
    "5:13": [
      2381.644960595396,
      2433.830222955325
    ],
    "5:14": [
      2764.1482228205095,
      2959.6787046604186
    ],
    "5:3": [
      3251.527820354471,
      3524.097832751549
    ],
    "5:4": [
      3886.9169554861824,
      4025.5366600555226
    ],
    "5:16": [
      4551.536481478656,
      4815.057385113393
    ],
    "5:17": [
      5663.567696079597,
      5777.838217977161
    ],
    "5:7": [
      6443.555368775566,
      6774.376039769228
    ]
  },
  "eval": {
    "is_feasible": true,
    "violations": {},
    "metrics": {
      "violation_total": 0.0,
      "violation_capability": 0.0,
      "violation_time_window": 0.0,
      "violation_energy": 0.0,
      "missed_priority": 3.0,
      "unassigned_count": 1.0,
      "energy_total": 43759.2641867009,
      "total_distance": 40522.5440327,
      "makespan": 9345.911838311187
    },
    "lex_key": [
      0.0,
      3.0,
      1.0
    ],
    "eval_version": 0
  },
  "solver_diagnostics": {
    "algorithm": "alns",
    "total_iters": 2000,
    "best_update_count": 1,
    "best_update_iters": [
      517
    ],
    "best_update_lex_keys": [
      [
        0.0,
        3.0,
        1.0
      ]
    ],
    "first_best_iter": 517,
    "last_best_iter": 517,
    "plateau_iters_after_last_improve": 1483,
    "initial_solution_feasible": true,
    "returned_solution_source": "best_feasible",
    "returned_solution_feasible": true
  }
}