{
  "routes": {
    "0": [
      18,
      43,
      44,
      45,
      46,
      32,
      49
    ],
    "1": [
      9,
      1,
      2,
      15,
      5,
      47,
      48
    ],
    "2": [
      27,
      10,
      19,
      20,
      21,
      6,
      33,
      25
    ],
    "3": [
      26,
      28,
      29,
      30,
      31,
      23
    ],
    "4": [
      34,
      35,
      36,
      37,
      38,
      39,
      40,
      41
    ],
    "5": [
      0,
      11,
      12,
      13,
      14,
      3,
      4,
      16,
      17,
      7,
      8,
      24
    ]
  },
  "unassigned": [
    42,
    22
  ],
  "schedule": {
    "0:18": [
      655.3159440380962,
      700.2353518311667
    ],
    "0:43": [
      1607.2904802308833,
      1822.4624102429357
    ],
    "0:44": [
      2142.193872371557,
      2340.3320306902338
    ],
    "0:45": [
      2703.521537486256,
      2983.9291285358177
    ],
    "0:46": [
      4530.642072975053,
      4586.639448543739
    ],
    "0:32": [
      5436.152723458355,
      5784.299022707668
    ],
    "0:49": [
      6646.855771599225,
      6908.112704789794
    ],
    "1:9": [
      579.0687237960186,
      653.0808044895298
    ],
    "1:1": [
      1411.1511398955213,
      1670.1644488129145
    ],
    "1:2": [
      2548.0794252219703,
      2759.361209721998
    ],
    "1:15": [
      3567.139797920994,
      3704.81217451473
    ],
    "1:5": [
      4413.621920453816,
      4659.6742325653295
    ],
    "1:47": [
      5342.514163158204,
      5483.946862092968
    ],
    "1:48": [
      6244.812206555131,
      6439.495169759593
    ],
    "2:27": [
      637.1819921773247,
      987.228255053504
    ],
    "2:10": [
      1110.2762823932437,
      1322.9378433521495
    ],
    "2:19": [
      1698.9754813883492,
      1903.3267201245333
    ],
    "2:20": [
      2793.6532476174425,
      2908.8446838827663
    ],
    "2:21": [
      3551.3711524811324,
      3734.4778729505906
    ],
    "2:6": [
      5174.772537871169,
      5524.70847726667
    ],
    "2:33": [
      6416.020490271087,
      6762.607775313723
    ],
    "2:25": [
      9133.665923697745,
      9182.499362228955
    ],
    "3:26": [
      47.475056954658434,
      373.08148557310017
    ],
    "3:28": [
      1855.0291269912252,
      2170.176282018936
    ],
    "3:29": [
      2818.9210137040495,
      2884.305762278746
    ],
    "3:30": [
      3461.5765068176047,
      3552.420379137634
    ],
    "3:31": [
      4538.244923365495,
      4705.033481380557
    ],
    "3:23": [
      6750.305428643518,
      7066.674882104064
    ],
    "4:34": [
      331.7576547112492,
      401.8058559830712
    ],
    "4:35": [
      1109.4949707580563,
      1375.354465027584
    ],
    "4:36": [
      1827.3855071049354,
      1874.0013701127791
    ],
    "4:37": [
      3335.951003068342,
      3406.6297563588146
    ],
    "4:38": [
      3574.8986132563373,
      3679.6137238954134
    ],
    "4:39": [
      4751.631848062408,
      5097.251705380934
    ],
    "4:40": [
      5277.08565106572,
      5547.993104305303
    ],
    "4:41": [
      7386.693575848557,
      7663.8127592106275
    ],
    "5:0": [
      630.9651244710793,
      862.0850384988446
    ],
    "5:11": [
      1636.8985989183116,
      1715.5953759569286
    ],
    "5:12": [
      1965.5663836778258,
      2134.7612148349554
    ],
    "5:13": [
      2337.0927413440613,
      2389.2780037039906
    ],
    "5:14": [
      2734.334861397479,
      2929.865343237388
    ],
    "5:3": [
      3226.4610879202455,
      3499.0311003173238
    ],
    "5:4": [
      3861.850223051957,
      4000.4699276212973
    ],
    "5:16": [
      4551.536481478656,
      4815.057385113393
    ],
    "5:17": [
      5663.567696079597,
      5777.838217977161
    ],
    "5:7": [
      6443.555368775566,
      6774.376039769228
    ],
    "5:8": [
      7409.807245750891,
      7673.830164705268
    ],
    "5:24": [
      8331.361512786709,
      8638.704300697009
    ]
  },
  "eval": {
    "is_feasible": true,
    "violations": {},
    "metrics": {
      "violation_total": 0.0,
      "violation_capability": 0.0,
      "violation_time_window": 0.0,
      "violation_energy": 0.0,
      "missed_priority": 1.0,
      "unassigned_count": 2.0,
      "energy_total": 39240.54139821807,
      "total_distance": 35942.192055476706,
      "makespan": 9361.846770229151
    },
    "lex_key": [
      0.0,
      1.0,
      39240.54139821807
    ],
    "eval_version": 0
  }
}