{
  "routes": {
    "0": [
      9,
      11,
      12,
      13,
      37,
      38,
      46,
      17,
      7,
      8,
      24,
      25
    ],
    "1": [
      18,
      28,
      29,
      30,
      31,
      47,
      48
    ],
    "2": [
      26,
      27,
      10,
      19,
      20,
      21,
      22,
      23
    ],
    "3": [
      1,
      15,
      6,
      33
    ],
    "4": [
      34,
      35,
      36,
      39,
      40,
      41
    ],
    "5": [
      42,
      43,
      44,
      14,
      3,
      4,
      5,
      32,
      49
    ]
  },
  "unassigned": [
    0,
    16,
    2,
    45
  ],
  "schedule": {
    "0:9": [
      579.0687237960186,
      653.0808044895298
    ],
    "0:11": [
      1636.8985989183116,
      1715.5953759569286
    ],
    "0:12": [
      1965.5663836778258,
      2134.7612148349554
    ],
    "0:13": [
      2337.0927413440613,
      2389.2780037039906
    ],
    "0:37": [
      3335.951003068342,
      3406.6297563588146
    ],
    "0:38": [
      3574.8986132563373,
      3679.6137238954134
    ],
    "0:46": [
      4530.642072975053,
      4586.639448543739
    ],
    "0:17": [
      5731.134512056742,
      5845.4050339543055
    ],
    "0:7": [
      6484.6698911405965,
      6815.490562134258
    ],
    "0:8": [
      7425.6728875504,
      7689.6958065047775
    ],
    "0:24": [
      8331.361512786709,
      8638.704300697009
    ],
    "0:25": [
      9133.665923697745,
      9182.499362228955
    ],
    "1:18": [
      655.3159440380962,
      700.2353518311667
    ],
    "1:28": [
      1855.0291269912252,
      2170.176282018936
    ],
    "1:29": [
      2818.9210137040495,
      2884.305762278746
    ],
    "1:30": [
      3461.5765068176047,
      3552.420379137634
    ],
    "1:31": [
      4538.244923365495,
      4705.033481380557
    ],
    "1:47": [
      5342.514163158204,
      5483.946862092968
    ],
    "1:48": [
      6244.812206555131,
      6439.495169759593
    ],
    "2:26": [
      47.475056954658434,
      373.08148557310017
    ],
    "2:27": [
      639.5118857882225,
      989.5581486644016
    ],
    "2:10": [
      1110.2762823932437,
      1322.9378433521495
    ],
    "2:19": [
      1698.9754813883492,
      1903.3267201245333
    ],
    "2:20": [
      2793.6532476174425,
      2908.8446838827663
    ],
    "2:21": [
      3551.3711524811324,
      3734.4778729505906
    ],
    "2:22": [
      4742.442628270034,
      4963.423268399924
    ],
    "2:23": [
      6750.305428643518,
      7066.674882104064
    ],
    "3:1": [
      1407.5762088785964,
      1666.5895177959897
    ],
    "3:15": [
      3567.139797920994,
      3704.81217451473
    ],
    "3:6": [
      5174.772537871169,
      5524.70847726667
    ],
    "3:33": [
      6416.020490271087,
      6762.607775313723
    ],
    "4:34": [
      331.7576547112492,
      401.8058559830712
    ],
    "4:35": [
      1109.4949707580563,
      1375.354465027584
    ],
    "4:36": [
      1827.3855071049354,
      1874.0013701127791
    ],
    "4:39": [
      4751.631848062408,
      5097.251705380934
    ],
    "4:40": [
      5277.08565106572,
      5547.993104305303
    ],
    "4:41": [
      7386.693575848557,
      7663.8127592106275
    ],
    "5:42": [
      747.9789412032561,
      788.137193373003
    ],
    "5:43": [
      1607.2904802308833,
      1822.4624102429357
    ],
    "5:44": [
      2142.193872371557,
      2340.3320306902338
    ],
    "5:14": [
      2734.334861397479,
      2929.865343237388
    ],
    "5:3": [
      3226.4610879202455,
      3499.0311003173238
    ],
    "5:4": [
      3861.850223051957,
      4000.4699276212973
    ],
    "5:5": [
      4443.280911545611,
      4689.333223657125
    ],
    "5:32": [
      5436.152723458355,
      5784.299022707668
    ],
    "5:49": [
      6646.855771599225,
      6908.112704789794
    ]
  },
  "eval": {
    "is_feasible": true,
    "violations": {},
    "metrics": {
      "violation_total": 0.0,
      "violation_capability": 0.0,
      "violation_time_window": 0.0,
      "violation_energy": 0.0,
      "missed_priority": 8.0,
      "unassigned_count": 4.0,
      "energy_total": 38394.99767819782,
      "total_distance": 35456.45205029376,
      "makespan": 9333.572511205968
    },
    "lex_key": [
      0.0,
      4.0,
      9333.572511205968
    ],
    "eval_version": 0
  }
}