{
  "routes": {
    "0": [
      42,
      43,
      44,
      45,
      4,
      5,
      6,
      17,
      41,
      25
    ],
    "1": [
      9,
      11,
      12,
      2,
      15,
      16,
      47,
      23
    ],
    "2": [
      18,
      28,
      29,
      21,
      22,
      7,
      24
    ],
    "3": [
      26,
      27,
      10,
      19,
      20,
      30,
      31,
      32,
      33
    ],
    "4": [
      34,
      35,
      36,
      37,
      38,
      39,
      40,
      49
    ],
    "5": [
      0,
      1,
      13,
      14,
      3,
      46,
      48,
      8
    ]
  },
  "unassigned": [],
  "schedule": {
    "0:42": [
      747.9789412032561,
      788.137193373003
    ],
    "0:43": [
      1607.2904802308833,
      1822.4624102429357
    ],
    "0:44": [
      2142.193872371557,
      2340.3320306902338
    ],
    "0:45": [
      2703.521537486256,
      2983.9291285358177
    ],
    "0:4": [
      3847.6241759977393,
      3986.2438805670795
    ],
    "0:5": [
      4413.621920453816,
      4659.6742325653295
    ],
    "0:6": [
      5174.772537871169,
      5524.70847726667
    ],
    "0:17": [
      5754.9934396786875,
      5869.263961576251
    ],
    "0:41": [
      7386.693575848557,
      7663.8127592106275
    ],
    "0:25": [
      9133.665923697745,
      9182.499362228955
    ],
    "1:9": [
      579.0687237960186,
      653.0808044895298
    ],
    "1:11": [
      1636.8985989183116,
      1715.5953759569286
    ],
    "1:12": [
      1965.5663836778258,
      2134.7612148349554
    ],
    "1:2": [
      2570.6266060589746,
      2781.9083905590023
    ],
    "1:15": [
      3567.139797920994,
      3704.81217451473
    ],
    "1:16": [
      4551.536481478656,
      4815.057385113393
    ],
    "1:47": [
      5421.153547448733,
      5562.586246383497
    ],
    "1:23": [
      6750.305428643518,
      7066.674882104064
    ],
    "2:18": [
      655.3159440380962,
      700.2353518311667
    ],
    "2:28": [
      1855.0291269912252,
      2170.176282018936
    ],
    "2:29": [
      2829.2086468876755,
      2894.593395462372
    ],
    "2:21": [
      3551.3711524811324,
      3734.4778729505906
    ],
    "2:22": [
      4742.442628270034,
      4963.423268399924
    ],
    "2:7": [
      6393.986443862309,
      6724.80711485597
    ],
    "2:24": [
      8331.361512786709,
      8638.704300697009
    ],
    "3:26": [
      47.475056954658434,
      373.08148557310017
    ],
    "3:27": [
      637.1819921773247,
      987.228255053504
    ],
    "3:10": [
      1110.2762823932437,
      1322.9378433521495
    ],
    "3:19": [
      1698.9754813883492,
      1903.3267201245333
    ],
    "3:20": [
      2793.6532476174425,
      2908.8446838827663
    ],
    "3:30": [
      3461.5765068176047,
      3552.420379137634
    ],
    "3:31": [
      4538.244923365495,
      4705.033481380557
    ],
    "3:32": [
      5436.152723458355,
      5784.299022707668
    ],
    "3:33": [
      6416.020490271087,
      6762.607775313723
    ],
    "4:34": [
      331.7576547112492,
      401.8058559830712
    ],
    "4:35": [
      1109.4949707580563,
      1375.354465027584
    ],
    "4:36": [
      1827.3855071049354,
      1874.0013701127791
    ],
    "4:37": [
      3335.951003068342,
      3406.6297563588146
    ],
    "4:38": [
      3574.8986132563373,
      3679.6137238954134
    ],
    "4:39": [
      4751.631848062408,
      5097.251705380934
    ],
    "4:40": [
      5277.08565106572,
      5547.993104305303
    ],
    "4:49": [
      6657.132369512504,
      6918.389302703074
    ],
    "5:0": [
      630.9651244710793,
      862.0850384988446
    ],
    "5:1": [
      1448.2220379005767,
      1707.23534681797
    ],
    "5:13": [
      2381.644960595396,
      2433.830222955325
    ],
    "5:14": [
      2764.1482228205095,
      2959.6787046604186
    ],
    "5:3": [
      3251.527820354471,
      3524.097832751549
    ],
    "5:46": [
      4530.642072975053,
      4586.639448543739
    ],
    "5:48": [
      6218.972873187247,
      6413.65583639171
    ],
    "5:8": [
      7335.225711416987,
      7599.248630371364
    ]
  },
  "eval": {
    "is_feasible": true,
    "violations": {},
    "metrics": {
      "violation_total": 0.0,
      "violation_capability": 0.0,
      "violation_time_window": 0.0,
      "violation_energy": 0.0,
      "missed_priority": 0.0,
      "unassigned_count": 0.0,
      "energy_total": 38977.32276505903,
      "total_distance": 35412.6519892504,
      "makespan": 9333.572511205968
    },
    "lex_key": [
      0.0,
      0.0,
      9333.572511205968
    ],
    "eval_version": 0
  }
}